File,Col,Row,URI
8468806_0_4382447409703007384,0,0,http://www.wikidata.org/entity/Q106992787
8468806_0_4382447409703007384,0,1,http://www.wikidata.org/entity/Q199
8468806_0_4382447409703007384,0,2,http://www.wikidata.org/entity/Q200
8468806_0_4382447409703007384,0,3,http://www.wikidata.org/entity/Q201
8468806_0_4382447409703007384,0,4,http://www.wikidata.org/entity/Q202
8468806_0_4382447409703007384,0,5,http://www.wikidata.org/entity/Q203
8468806_0_4382447409703007384,0,6,http://www.wikidata.org/entity/Q23488
8468806_0_4382447409703007384,0,7,http://www.wikidata.org/entity/Q23350
8468806_0_4382447409703007384,0,8,http://www.wikidata.org/entity/Q23355
8468806_0_4382447409703007384,0,9,http://www.wikidata.org/entity/Q19108
8468806_0_4382447409703007384,0,10,http://www.wikidata.org/entity/Q23806
8468806_0_4382447409703007384,0,11,http://www.wikidata.org/entity/Q37136
8468806_0_4382447409703007384,0,12,http://www.wikidata.org/entity/Q36977
8468806_0_4382447409703007384,0,13,http://www.wikidata.org/entity/Q37141
8468806_0_4382447409703007384,0,14,http://www.wikidata.org/entity/Q38582
8468806_0_4382447409703007384,0,15,http://www.wikidata.org/entity/Q38701
8468806_0_4382447409703007384,0,16,http://www.wikidata.org/entity/Q40254
8468806_0_4382447409703007384,0,17,http://www.wikidata.org/entity/Q40118
8468806_0_4382447409703007384,0,18,http://www.wikidata.org/entity/Q38712
8468806_0_4382447409703007384,0,19,http://www.wikidata.org/entity/Q39850
8468806_0_4382447409703007384,0,20,http://www.wikidata.org/entity/Q40292
8468806_0_4382447409703007384,0,21,http://www.wikidata.org/entity/Q712477
8468806_0_4382447409703007384,0,22,http://www.wikidata.org/entity/Q712488
8468806_0_4382447409703007384,0,23,http://www.wikidata.org/entity/Q48240
8468806_0_4382447409703007384,0,24,http://www.wikidata.org/entity/Q79988
8468806_0_4382447409703007384,0,25,http://www.wikidata.org/entity/Q79986
8468806_0_4382447409703007384,0,26,http://www.wikidata.org/entity/Q83264
8468806_0_4382447409703007384,0,27,http://www.wikidata.org/entity/Q433353
8468806_0_4382447409703007384,0,28,http://www.wikidata.org/entity/Q587465
8468806_0_4382447409703007384,0,29,http://www.wikidata.org/entity/Q543929
8468806_0_4382447409703007384,0,30,http://www.wikidata.org/entity/Q42817
8468806_0_4382447409703007384,0,31,http://www.wikidata.org/entity/Q712692
8468806_0_4382447409703007384,0,32,http://www.wikidata.org/entity/Q712701
8468806_0_4382447409703007384,0,33,http://www.wikidata.org/entity/Q712661
8468806_0_4382447409703007384,0,34,http://www.wikidata.org/entity/Q712639
8468806_0_4382447409703007384,0,35,http://www.wikidata.org/entity/Q434712
8468806_0_4382447409703007384,0,36,http://www.wikidata.org/entity/Q712794
8468806_0_4382447409703007384,0,37,http://www.wikidata.org/entity/Q712770
8468806_0_4382447409703007384,0,38,http://www.wikidata.org/entity/Q600809
8468806_0_4382447409703007384,0,39,http://www.wikidata.org/entity/Q712782
8468806_0_4382447409703007384,0,40,http://www.wikidata.org/entity/Q42317
8468806_0_4382447409703007384,0,41,http://www.wikidata.org/entity/Q712623
8468806_0_4382447409703007384,0,42,http://www.wikidata.org/entity/Q812996
8468806_0_4382447409703007384,0,43,http://www.wikidata.org/entity/Q282113
8468806_0_4382447409703007384,0,44,http://www.wikidata.org/entity/Q712706
8468806_0_4382447409703007384,0,45,http://www.wikidata.org/entity/Q627861
8468806_0_4382447409703007384,0,46,http://www.wikidata.org/entity/Q712744
8468806_0_4382447409703007384,0,47,http://www.wikidata.org/entity/Q712687
8468806_0_4382447409703007384,0,48,http://www.wikidata.org/entity/Q712764
8468806_0_4382447409703007384,0,49,http://www.wikidata.org/entity/Q712758
8468806_0_4382447409703007384,0,50,http://www.wikidata.org/entity/Q712519
8468806_0_4382447409703007384,0,51,http://www.wikidata.org/entity/Q895860
8468806_0_4382447409703007384,0,52,http://www.wikidata.org/entity/Q712995
8468806_0_4382447409703007384,0,53,http://www.wikidata.org/entity/Q712808
8468806_0_4382447409703007384,0,54,http://www.wikidata.org/entity/Q290669
8468806_0_4382447409703007384,0,55,http://www.wikidata.org/entity/Q686819
8468806_0_4382447409703007384,0,56,http://www.wikidata.org/entity/Q522994
8468806_0_4382447409703007384,0,57,http://www.wikidata.org/entity/Q713133
8468806_0_4382447409703007384,0,58,http://www.wikidata.org/entity/Q241673
8468806_0_4382447409703007384,0,59,http://www.wikidata.org/entity/Q593011
8468806_0_4382447409703007384,0,60,http://www.wikidata.org/entity/Q79998
8468806_0_4382447409703007384,0,61,http://www.wikidata.org/entity/Q774689
8468806_0_4382447409703007384,0,62,http://www.wikidata.org/entity/Q593966
8468806_0_4382447409703007384,0,63,http://www.wikidata.org/entity/Q712986
8468806_0_4382447409703007384,0,64,http://www.wikidata.org/entity/Q435660
8468806_0_4382447409703007384,0,65,http://www.wikidata.org/entity/Q645260
8468806_0_4382447409703007384,0,66,http://www.wikidata.org/entity/Q712966
8468806_0_4382447409703007384,0,67,http://www.wikidata.org/entity/Q713157
8468806_0_4382447409703007384,0,68,http://www.wikidata.org/entity/Q661982
8468806_0_4382447409703007384,0,69,http://www.wikidata.org/entity/Q713048
8468806_0_4382447409703007384,0,70,http://www.wikidata.org/entity/Q712514
8468806_0_4382447409703007384,0,71,http://www.wikidata.org/entity/Q586651
8468806_0_4382447409703007384,0,72,http://www.wikidata.org/entity/Q243817
8468806_0_4382447409703007384,0,73,http://www.wikidata.org/entity/Q713122
8468806_0_4382447409703007384,0,74,http://www.wikidata.org/entity/Q713143
8468806_0_4382447409703007384,0,75,http://www.wikidata.org/entity/Q601660
8468806_0_4382447409703007384,0,76,http://www.wikidata.org/entity/Q543190
8468806_0_4382447409703007384,0,77,http://www.wikidata.org/entity/Q713167
8468806_0_4382447409703007384,0,78,http://www.wikidata.org/entity/Q713229
8468806_0_4382447409703007384,0,79,http://www.wikidata.org/entity/Q713148
8468806_0_4382447409703007384,0,80,http://www.wikidata.org/entity/Q712467
8468806_0_4382447409703007384,0,81,http://www.wikidata.org/entity/Q712876
8468806_0_4382447409703007384,0,82,http://www.wikidata.org/entity/Q713217
8468806_0_4382447409703007384,0,83,http://www.wikidata.org/entity/Q713181
8468806_0_4382447409703007384,0,84,http://www.wikidata.org/entity/Q279264
8468806_0_4382447409703007384,0,85,http://www.wikidata.org/entity/Q427730
8468806_0_4382447409703007384,0,86,http://www.wikidata.org/entity/Q713221
8468806_0_4382447409703007384,0,87,http://www.wikidata.org/entity/Q285042
8468806_0_4382447409703007384,0,88,http://www.wikidata.org/entity/Q341102
8468806_0_4382447409703007384,0,89,http://www.wikidata.org/entity/Q535061
8468806_0_4382447409703007384,0,90,http://www.wikidata.org/entity/Q239346
8468806_0_4382447409703007384,0,91,http://www.wikidata.org/entity/Q690992
8468806_0_4382447409703007384,0,92,http://www.wikidata.org/entity/Q277312
8468806_0_4382447409703007384,0,93,http://www.wikidata.org/entity/Q31118
8468806_0_4382447409703007384,0,94,http://www.wikidata.org/entity/Q683782
8468806_0_4382447409703007384,0,95,http://www.wikidata.org/entity/Q595170
8468806_0_4382447409703007384,0,96,http://www.wikidata.org/entity/Q280167
8468806_0_4382447409703007384,0,97,http://www.wikidata.org/entity/Q673849
8468806_0_4382447409703007384,0,98,http://www.wikidata.org/entity/Q713239
8468806_0_4382447409703007384,0,99,http://www.wikidata.org/entity/Q435673
8468806_0_4382447409703007384,0,100,http://www.wikidata.org/entity/Q37413
8468806_0_4382447409703007384,0,101,http://www.wikidata.org/entity/Q445822
8468806_0_4382447409703007384,0,102,http://www.wikidata.org/entity/Q715437
8468806_0_4382447409703007384,0,103,http://www.wikidata.org/entity/Q606801
8468806_0_4382447409703007384,0,104,http://www.wikidata.org/entity/Q715425
8468806_0_4382447409703007384,0,105,http://www.wikidata.org/entity/Q716840
8468806_0_4382447409703007384,0,106,http://www.wikidata.org/entity/Q18824
8468806_0_4382447409703007384,0,107,http://www.wikidata.org/entity/Q60101
8468806_0_4382447409703007384,0,108,http://www.wikidata.org/entity/Q445813
8468806_0_4382447409703007384,0,109,http://www.wikidata.org/entity/Q604950
8468806_0_4382447409703007384,0,110,http://www.wikidata.org/entity/Q715456
8468806_0_4382447409703007384,0,111,http://www.wikidata.org/entity/Q716860
8468806_0_4382447409703007384,0,112,http://www.wikidata.org/entity/Q716846
8468806_0_4382447409703007384,0,113,http://www.wikidata.org/entity/Q715432
8468806_0_4382447409703007384,0,114,http://www.wikidata.org/entity/Q715948
8468806_0_4382447409703007384,0,115,http://www.wikidata.org/entity/Q716621
8468806_0_4382447409703007384,0,116,http://www.wikidata.org/entity/Q715954
8468806_0_4382447409703007384,0,117,http://www.wikidata.org/entity/Q716864
8468806_0_4382447409703007384,0,118,http://www.wikidata.org/entity/Q704185
8468806_0_4382447409703007384,0,119,http://www.wikidata.org/entity/Q653004
8468806_0_4382447409703007384,0,120,http://www.wikidata.org/entity/Q717056
8468806_0_4382447409703007384,0,121,http://www.wikidata.org/entity/Q715944
8468806_0_4382447409703007384,0,122,http://www.wikidata.org/entity/Q718407
8468806_0_4382447409703007384,0,123,http://www.wikidata.org/entity/Q716616
8468806_0_4382447409703007384,0,124,http://www.wikidata.org/entity/Q717063
8468806_0_4382447409703007384,0,125,http://www.wikidata.org/entity/Q718399
8468806_0_4382447409703007384,0,126,http://www.wikidata.org/entity/Q223661
8468806_0_4382447409703007384,0,127,http://www.wikidata.org/entity/Q716611
8468806_0_4382447409703007384,0,128,http://www.wikidata.org/entity/Q430908
8468806_0_4382447409703007384,0,129,http://www.wikidata.org/entity/Q719391
8468806_0_4382447409703007384,0,130,http://www.wikidata.org/entity/Q721070
8468806_0_4382447409703007384,0,131,http://www.wikidata.org/entity/Q720715
8468806_0_4382447409703007384,0,132,http://www.wikidata.org/entity/Q720739
8468806_0_4382447409703007384,0,133,http://www.wikidata.org/entity/Q721016
8468806_0_4382447409703007384,0,134,http://www.wikidata.org/entity/Q339594
8468806_0_4382447409703007384,0,135,http://www.wikidata.org/entity/Q521294
8468806_0_4382447409703007384,0,136,http://www.wikidata.org/entity/Q721065
8468806_0_4382447409703007384,0,137,http://www.wikidata.org/entity/Q521741
8468806_0_4382447409703007384,0,138,http://www.wikidata.org/entity/Q703952
8468806_0_4382447409703007384,1,0,http://www.wikidata.org/entity/Q82799
8468806_0_4382447409703007384,1,1,http://www.wikidata.org/entity/Q5484
8468806_0_4382447409703007384,1,2,http://www.wikidata.org/entity/Q5484
8468806_0_4382447409703007384,1,3,http://www.wikidata.org/entity/Q5484
8468806_0_4382447409703007384,1,4,http://www.wikidata.org/entity/Q5484
8468806_0_4382447409703007384,1,5,http://www.wikidata.org/entity/Q5484
8468806_0_4382447409703007384,1,6,http://www.wikidata.org/entity/Q1066
8468806_0_4382447409703007384,1,7,http://www.wikidata.org/entity/Q1066
8468806_0_4382447409703007384,1,8,http://www.wikidata.org/entity/Q5505
8468806_0_4382447409703007384,1,9,http://www.wikidata.org/entity/Q5505
8468806_0_4382447409703007384,1,10,http://www.wikidata.org/entity/Q5505
8468806_0_4382447409703007384,1,11,http://www.wikidata.org/entity/Q1383
8468806_0_4382447409703007384,1,12,http://www.wikidata.org/entity/Q1383
8468806_0_4382447409703007384,1,13,http://www.wikidata.org/entity/Q1169
8468806_0_4382447409703007384,1,14,http://www.wikidata.org/entity/Q5511
8468806_0_4382447409703007384,1,15,http://www.wikidata.org/entity/Q5511
8468806_0_4382447409703007384,1,16,http://www.wikidata.org/entity/Q5511
8468806_0_4382447409703007384,1,17,http://www.wikidata.org/entity/Q5511
8468806_0_4382447409703007384,1,18,http://www.wikidata.org/entity/Q5513
8468806_0_4382447409703007384,1,19,http://www.wikidata.org/entity/Q5525
8468806_0_4382447409703007384,1,20,http://www.wikidata.org/entity/Q5532
8468806_0_4382447409703007384,1,21,http://www.wikidata.org/entity/Q5532
8468806_0_4382447409703007384,1,22,http://www.wikidata.org/entity/Q5532
8468806_0_4382447409703007384,1,23,http://www.wikidata.org/entity/Q5539
8468806_0_4382447409703007384,1,24,http://www.wikidata.org/entity/Q5492
8468806_0_4382447409703007384,1,25,http://www.wikidata.org/entity/Q5492
8468806_0_4382447409703007384,1,26,http://www.wikidata.org/entity/Q3272
8468806_0_4382447409703007384,1,27,http://www.wikidata.org/entity/Q1062
8468806_0_4382447409703007384,1,28,http://www.wikidata.org/entity/Q1062
8468806_0_4382447409703007384,1,29,http://www.wikidata.org/entity/Q134485
8468806_0_4382447409703007384,1,30,http://www.wikidata.org/entity/Q15288
8468806_0_4382447409703007384,1,31,http://www.wikidata.org/entity/Q35883
8468806_0_4382447409703007384,1,32,http://www.wikidata.org/entity/Q35883
8468806_0_4382447409703007384,1,33,http://www.wikidata.org/entity/Q152044
8468806_0_4382447409703007384,1,34,http://www.wikidata.org/entity/Q166162
8468806_0_4382447409703007384,1,35,http://www.wikidata.org/entity/Q35342
8468806_0_4382447409703007384,1,36,http://www.wikidata.org/entity/Q35342
8468806_0_4382447409703007384,1,37,http://www.wikidata.org/entity/Q173862
8468806_0_4382447409703007384,1,38,http://www.wikidata.org/entity/Q272463
8468806_0_4382447409703007384,1,39,http://www.wikidata.org/entity/Q182719
8468806_0_4382447409703007384,1,40,http://www.wikidata.org/entity/Q182719
8468806_0_4382447409703007384,1,41,http://www.wikidata.org/entity/Q1134446
8468806_0_4382447409703007384,1,42,http://www.wikidata.org/entity/Q42191
8468806_0_4382447409703007384,1,43,http://www.wikidata.org/entity/Q199551
8468806_0_4382447409703007384,1,44,http://www.wikidata.org/entity/Q201294
8468806_0_4382447409703007384,1,45,http://www.wikidata.org/entity/Q22680883
8468806_0_4382447409703007384,1,46,http://www.wikidata.org/entity/Q934638
8468806_0_4382447409703007384,1,47,http://www.wikidata.org/entity/Q125888
8468806_0_4382447409703007384,1,48,http://www.wikidata.org/entity/Q125888
8468806_0_4382447409703007384,1,49,http://www.wikidata.org/entity/Q504433
8468806_0_4382447409703007384,1,50,http://www.wikidata.org/entity/Q504433
8468806_0_4382447409703007384,1,51,http://www.wikidata.org/entity/Q1132211
8468806_0_4382447409703007384,1,52,http://www.wikidata.org/entity/Q122184
8468806_0_4382447409703007384,1,53,http://www.wikidata.org/entity/Q645901
8468806_0_4382447409703007384,1,54,http://www.wikidata.org/entity/Q845868
8468806_0_4382447409703007384,1,55,http://www.wikidata.org/entity/Q201843
8468806_0_4382447409703007384,1,56,http://www.wikidata.org/entity/Q201843
8468806_0_4382447409703007384,1,57,http://www.wikidata.org/entity/Q845876
8468806_0_4382447409703007384,1,58,http://www.wikidata.org/entity/Q845876
8468806_0_4382447409703007384,1,59,http://www.wikidata.org/entity/Q1262967
8468806_0_4382447409703007384,1,60,http://www.wikidata.org/entity/Q126307
8468806_0_4382447409703007384,1,61,http://www.wikidata.org/entity/Q116685
8468806_0_4382447409703007384,1,62,http://www.wikidata.org/entity/Q19253
8468806_0_4382447409703007384,1,63,http://www.wikidata.org/entity/Q81150
8468806_0_4382447409703007384,1,64,http://www.wikidata.org/entity/Q452088
8468806_0_4382447409703007384,1,65,http://www.wikidata.org/entity/Q280771
8468806_0_4382447409703007384,1,66,http://www.wikidata.org/entity/Q85173692
8468806_0_4382447409703007384,1,67,http://www.wikidata.org/entity/Q85173692
8468806_0_4382447409703007384,1,68,http://www.wikidata.org/entity/Q4705754
8468806_0_4382447409703007384,1,69,http://www.wikidata.org/entity/Q965436
8468806_0_4382447409703007384,1,70,NIL
8468806_0_4382447409703007384,1,71,http://www.wikidata.org/entity/Q464945
8468806_0_4382447409703007384,1,72,http://www.wikidata.org/entity/Q21954612
8468806_0_4382447409703007384,1,73,http://www.wikidata.org/entity/Q125211
8468806_0_4382447409703007384,1,74,http://www.wikidata.org/entity/Q125211
8468806_0_4382447409703007384,1,75,http://www.wikidata.org/entity/Q1640500
8468806_0_4382447409703007384,1,76,http://www.wikidata.org/entity/Q1514307
8468806_0_4382447409703007384,1,77,http://www.wikidata.org/entity/Q140712
8468806_0_4382447409703007384,1,78,http://www.wikidata.org/entity/Q1888211
8468806_0_4382447409703007384,1,79,http://www.wikidata.org/entity/Q1888261
8468806_0_4382447409703007384,1,80,http://www.wikidata.org/entity/Q67154194
8468806_0_4382447409703007384,1,81,http://www.wikidata.org/entity/Q1458051
8468806_0_4382447409703007384,1,82,http://www.wikidata.org/entity/Q1154914
8468806_0_4382447409703007384,1,83,http://www.wikidata.org/entity/Q7565
8468806_0_4382447409703007384,1,84,http://www.wikidata.org/entity/Q202905
8468806_0_4382447409703007384,1,85,http://www.wikidata.org/entity/Q1486
8468806_0_4382447409703007384,1,86,http://www.wikidata.org/entity/Q1486
8468806_0_4382447409703007384,1,87,http://www.wikidata.org/entity/Q931708
8468806_0_4382447409703007384,1,88,NIL
8468806_0_4382447409703007384,1,89,http://www.wikidata.org/entity/Q192770
8468806_0_4382447409703007384,1,90,http://www.wikidata.org/entity/Q635419
8468806_0_4382447409703007384,1,91,http://www.wikidata.org/entity/Q1520895
8468806_0_4382447409703007384,1,92,NIL
8468806_0_4382447409703007384,1,93,http://www.wikidata.org/entity/Q1331750
8468806_0_4382447409703007384,1,94,http://www.wikidata.org/entity/Q211823
8468806_0_4382447409703007384,1,95,NIL
8468806_0_4382447409703007384,1,96,http://www.wikidata.org/entity/Q1190713
8468806_0_4382447409703007384,1,97,http://www.wikidata.org/entity/Q804378
8468806_0_4382447409703007384,1,98,http://www.wikidata.org/entity/Q1534419
8468806_0_4382447409703007384,1,99,http://www.wikidata.org/entity/Q22353736
8468806_0_4382447409703007384,1,100,http://www.wikidata.org/entity/Q958928
8468806_0_4382447409703007384,1,101,http://www.wikidata.org/entity/Q1534419
8468806_0_4382447409703007384,1,102,NIL
8468806_0_4382447409703007384,1,103,http://www.wikidata.org/entity/Q6916575
8468806_0_4382447409703007384,1,104,http://www.wikidata.org/entity/Q2252920
8468806_0_4382447409703007384,1,105,http://www.wikidata.org/entity/Q659377
8468806_0_4382447409703007384,1,106,http://www.wikidata.org/entity/Q183360
8468806_0_4382447409703007384,1,107,http://www.wikidata.org/entity/Q546661
8468806_0_4382447409703007384,1,108,http://www.wikidata.org/entity/Q1800845
8468806_0_4382447409703007384,1,109,NIL
8468806_0_4382447409703007384,1,110,http://www.wikidata.org/entity/Q1430715
8468806_0_4382447409703007384,1,111,http://www.wikidata.org/entity/Q5539
8468806_0_4382447409703007384,1,112,http://www.wikidata.org/entity/Q250257
8468806_0_4382447409703007384,1,113,http://www.wikidata.org/entity/Q945023
8468806_0_4382447409703007384,1,114,http://www.wikidata.org/entity/Q304933
8468806_0_4382447409703007384,1,115,http://www.wikidata.org/entity/Q33259962
8468806_0_4382447409703007384,1,116,http://www.wikidata.org/entity/Q184492
8468806_0_4382447409703007384,1,117,http://www.wikidata.org/entity/Q68467
8468806_0_4382447409703007384,1,118,http://www.wikidata.org/entity/Q68467
8468806_0_4382447409703007384,1,119,http://www.wikidata.org/entity/Q953140
8468806_0_4382447409703007384,1,120,http://www.wikidata.org/entity/Q736707
8468806_0_4382447409703007384,1,121,http://www.wikidata.org/entity/Q736707
8468806_0_4382447409703007384,1,122,http://www.wikidata.org/entity/Q1799611
8468806_0_4382447409703007384,1,123,http://www.wikidata.org/entity/Q1546823
8468806_0_4382447409703007384,1,124,http://www.wikidata.org/entity/Q719538
8468806_0_4382447409703007384,1,125,http://www.wikidata.org/entity/Q213769
8468806_0_4382447409703007384,1,126,http://www.wikidata.org/entity/Q1628912
8468806_0_4382447409703007384,1,127,http://www.wikidata.org/entity/Q318350
8468806_0_4382447409703007384,1,128,http://www.wikidata.org/entity/Q709323
8468806_0_4382447409703007384,1,129,http://www.wikidata.org/entity/Q203137
8468806_0_4382447409703007384,1,130,http://www.wikidata.org/entity/Q1723080
8468806_0_4382447409703007384,1,131,http://www.wikidata.org/entity/Q2454806
8468806_0_4382447409703007384,1,132,http://www.wikidata.org/entity/Q272380
8468806_0_4382447409703007384,1,133,http://www.wikidata.org/entity/Q1922031
8468806_0_4382447409703007384,1,134,http://www.wikidata.org/entity/Q1496993
8468806_0_4382447409703007384,1,135,http://www.wikidata.org/entity/Q1328781
8468806_0_4382447409703007384,1,136,http://www.wikidata.org/entity/Q2005708
8468806_0_4382447409703007384,1,137,http://www.wikidata.org/entity/Q2005708
8468806_0_4382447409703007384,1,138,http://www.wikidata.org/entity/Q22491404
8468806_0_4382447409703007384,2,0,http://www.wikidata.org/entity/Q6256
8468806_0_4382447409703007384,2,1,http://www.wikidata.org/entity/Q227
8468806_0_4382447409703007384,2,2,http://www.wikidata.org/entity/Q159
8468806_0_4382447409703007384,2,3,http://www.wikidata.org/entity/Q232
8468806_0_4382447409703007384,2,4,http://www.wikidata.org/entity/Q874
8468806_0_4382447409703007384,2,5,http://www.wikidata.org/entity/Q794
8468806_0_4382447409703007384,2,6,http://www.wikidata.org/entity/Q30
8468806_0_4382447409703007384,2,7,http://www.wikidata.org/entity/Q16
8468806_0_4382447409703007384,2,8,http://www.wikidata.org/entity/Q114
8468806_0_4382447409703007384,2,9,http://www.wikidata.org/entity/Q924
8468806_0_4382447409703007384,2,10,http://www.wikidata.org/entity/Q1036
8468806_0_4382447409703007384,2,11,http://www.wikidata.org/entity/Q30
8468806_0_4382447409703007384,2,12,http://www.wikidata.org/entity/Q16
8468806_0_4382447409703007384,2,13,http://www.wikidata.org/entity/Q30
8468806_0_4382447409703007384,2,14,http://www.wikidata.org/entity/Q924
8468806_0_4382447409703007384,2,15,http://www.wikidata.org/entity/Q974
8468806_0_4382447409703007384,2,16,http://www.wikidata.org/entity/Q953
8468806_0_4382447409703007384,2,17,http://www.wikidata.org/entity/Q967
8468806_0_4382447409703007384,2,18,http://www.wikidata.org/entity/Q159
8468806_0_4382447409703007384,2,19,http://www.wikidata.org/entity/Q16
8468806_0_4382447409703007384,2,20,http://www.wikidata.org/entity/Q1020
8468806_0_4382447409703007384,2,21,http://www.wikidata.org/entity/Q1029
8468806_0_4382447409703007384,2,22,http://www.wikidata.org/entity/Q924
8468806_0_4382447409703007384,2,23,http://www.wikidata.org/entity/Q16
8468806_0_4382447409703007384,2,24,http://www.wikidata.org/entity/Q30
8468806_0_4382447409703007384,2,25,http://www.wikidata.org/entity/Q16
8468806_0_4382447409703007384,2,26,http://www.wikidata.org/entity/Q16
8468806_0_4382447409703007384,2,27,http://www.wikidata.org/entity/Q30
8468806_0_4382447409703007384,2,28,http://www.wikidata.org/entity/Q16
8468806_0_4382447409703007384,2,29,http://www.wikidata.org/entity/Q232
8468806_0_4382447409703007384,2,30,http://www.wikidata.org/entity/Q159
8468806_0_4382447409703007384,2,31,http://www.wikidata.org/entity/Q232
8468806_0_4382447409703007384,2,32,http://www.wikidata.org/entity/Q265
8468806_0_4382447409703007384,2,33,http://www.wikidata.org/entity/Q51
8468806_0_4382447409703007384,2,34,http://www.wikidata.org/entity/Q159
8468806_0_4382447409703007384,2,35,http://www.wikidata.org/entity/Q750
8468806_0_4382447409703007384,2,36,http://www.wikidata.org/entity/Q419
8468806_0_4382447409703007384,2,37,http://www.wikidata.org/entity/Q811
8468806_0_4382447409703007384,2,38,http://www.wikidata.org/entity/Q16
8468806_0_4382447409703007384,2,39,http://www.wikidata.org/entity/Q114
8468806_0_4382447409703007384,2,40,http://www.wikidata.org/entity/Q115
8468806_0_4382447409703007384,2,41,http://www.wikidata.org/entity/Q16
8468806_0_4382447409703007384,2,42,http://www.wikidata.org/entity/Q813
8468806_0_4382447409703007384,2,43,http://www.wikidata.org/entity/Q794
8468806_0_4382447409703007384,2,44,http://www.wikidata.org/entity/Q148
8468806_0_4382447409703007384,2,45,http://www.wikidata.org/entity/Q34
8468806_0_4382447409703007384,2,46,http://www.wikidata.org/entity/Q16
8468806_0_4382447409703007384,2,47,http://www.wikidata.org/entity/Q1036
8468806_0_4382447409703007384,2,48,http://www.wikidata.org/entity/Q974
8468806_0_4382447409703007384,2,49,http://www.wikidata.org/entity/Q953
8468806_0_4382447409703007384,2,50,http://www.wikidata.org/entity/Q974
8468806_0_4382447409703007384,2,51,http://www.wikidata.org/entity/Q16
8468806_0_4382447409703007384,2,52,http://www.wikidata.org/entity/Q16
8468806_0_4382447409703007384,2,53,http://www.wikidata.org/entity/Q16
8468806_0_4382447409703007384,2,54,http://www.wikidata.org/entity/Q159
8468806_0_4382447409703007384,2,55,http://www.wikidata.org/entity/Q159
8468806_0_4382447409703007384,2,56,http://www.wikidata.org/entity/Q148
8468806_0_4382447409703007384,2,57,http://www.wikidata.org/entity/Q16
8468806_0_4382447409703007384,2,58,http://www.wikidata.org/entity/Q30
8468806_0_4382447409703007384,2,59,http://www.wikidata.org/entity/Q16
8468806_0_4382447409703007384,2,60,http://www.wikidata.org/entity/Q43
8468806_0_4382447409703007384,2,61,http://www.wikidata.org/entity/Q115
8468806_0_4382447409703007384,2,62,http://www.wikidata.org/entity/Q603662
8468806_0_4382447409703007384,2,63,http://www.wikidata.org/entity/Q711
8468806_0_4382447409703007384,2,64,http://www.wikidata.org/entity/Q16
8468806_0_4382447409703007384,2,65,http://www.wikidata.org/entity/Q265
8468806_0_4382447409703007384,2,66,http://www.wikidata.org/entity/Q974
8468806_0_4382447409703007384,2,67,http://www.wikidata.org/entity/Q1037
8468806_0_4382447409703007384,2,68,http://www.wikidata.org/entity/Q232
8468806_0_4382447409703007384,2,69,http://www.wikidata.org/entity/Q30
8468806_0_4382447409703007384,2,70,http://www.wikidata.org/entity/Q711
8468806_0_4382447409703007384,2,71,http://www.wikidata.org/entity/Q750
8468806_0_4382447409703007384,2,72,http://www.wikidata.org/entity/Q16
8468806_0_4382447409703007384,2,73,http://www.wikidata.org/entity/Q974
8468806_0_4382447409703007384,2,74,http://www.wikidata.org/entity/Q1036
8468806_0_4382447409703007384,2,75,http://www.wikidata.org/entity/Q16
8468806_0_4382447409703007384,2,76,http://www.wikidata.org/entity/Q16
8468806_0_4382447409703007384,2,77,http://www.wikidata.org/entity/Q148
8468806_0_4382447409703007384,2,78,http://www.wikidata.org/entity/Q16
8468806_0_4382447409703007384,2,79,http://www.wikidata.org/entity/Q16
8468806_0_4382447409703007384,2,80,http://www.wikidata.org/entity/Q148
8468806_0_4382447409703007384,2,81,http://www.wikidata.org/entity/Q16
8468806_0_4382447409703007384,2,82,http://www.wikidata.org/entity/Q148
8468806_0_4382447409703007384,2,83,http://www.wikidata.org/entity/Q34
8468806_0_4382447409703007384,2,84,http://www.wikidata.org/entity/Q30
8468806_0_4382447409703007384,2,85,http://www.wikidata.org/entity/Q298
8468806_0_4382447409703007384,2,86,http://www.wikidata.org/entity/Q414
8468806_0_4382447409703007384,2,87,http://www.wikidata.org/entity/Q232
8468806_0_4382447409703007384,2,88,http://www.wikidata.org/entity/Q711
8468806_0_4382447409703007384,2,89,http://www.wikidata.org/entity/Q33
8468806_0_4382447409703007384,2,90,http://www.wikidata.org/entity/Q79
8468806_0_4382447409703007384,2,91,http://www.wikidata.org/entity/Q159
8468806_0_4382447409703007384,2,92,http://www.wikidata.org/entity/Q148
8468806_0_4382447409703007384,2,93,http://www.wikidata.org/entity/Q30
8468806_0_4382447409703007384,2,94,http://www.wikidata.org/entity/Q43
8468806_0_4382447409703007384,2,95,http://www.wikidata.org/entity/Q232
8468806_0_4382447409703007384,2,96,http://www.wikidata.org/entity/Q414
8468806_0_4382447409703007384,2,97,http://www.wikidata.org/entity/Q16
8468806_0_4382447409703007384,2,98,http://www.wikidata.org/entity/Q16
8468806_0_4382447409703007384,2,99,http://www.wikidata.org/entity/Q16
8468806_0_4382447409703007384,2,100,http://www.wikidata.org/entity/Q16
8468806_0_4382447409703007384,2,101,http://www.wikidata.org/entity/Q16
8468806_0_4382447409703007384,2,102,http://www.wikidata.org/entity/Q711
8468806_0_4382447409703007384,2,103,http://www.wikidata.org/entity/Q16
8468806_0_4382447409703007384,2,104,http://www.wikidata.org/entity/Q16
8468806_0_4382447409703007384,2,105,http://www.wikidata.org/entity/Q148
8468806_0_4382447409703007384,2,106,http://www.wikidata.org/entity/Q252
8468806_0_4382447409703007384,2,107,http://www.wikidata.org/entity/Q16
8468806_0_4382447409703007384,2,108,http://www.wikidata.org/entity/Q16
8468806_0_4382447409703007384,2,109,http://www.wikidata.org/entity/Q159
8468806_0_4382447409703007384,2,110,http://www.wikidata.org/entity/Q16
8468806_0_4382447409703007384,2,111,http://www.wikidata.org/entity/Q16
8468806_0_4382447409703007384,2,112,http://www.wikidata.org/entity/Q16
8468806_0_4382447409703007384,2,113,http://www.wikidata.org/entity/Q16
8468806_0_4382447409703007384,2,114,http://www.wikidata.org/entity/Q115
8468806_0_4382447409703007384,2,115,http://www.wikidata.org/entity/Q796
8468806_0_4382447409703007384,2,116,http://www.wikidata.org/entity/Q34
8468806_0_4382447409703007384,2,117,http://www.wikidata.org/entity/Q30
8468806_0_4382447409703007384,2,118,http://www.wikidata.org/entity/Q16
8468806_0_4382447409703007384,2,119,http://www.wikidata.org/entity/Q159
8468806_0_4382447409703007384,2,120,http://www.wikidata.org/entity/Q16
8468806_0_4382447409703007384,2,121,http://www.wikidata.org/entity/Q30
8468806_0_4382447409703007384,2,122,http://www.wikidata.org/entity/Q16
8468806_0_4382447409703007384,2,123,http://www.wikidata.org/entity/Q16
8468806_0_4382447409703007384,2,124,http://www.wikidata.org/entity/Q16
8468806_0_4382447409703007384,2,125,http://www.wikidata.org/entity/Q33
8468806_0_4382447409703007384,2,126,http://www.wikidata.org/entity/Q16
8468806_0_4382447409703007384,2,127,http://www.wikidata.org/entity/Q96
8468806_0_4382447409703007384,2,128,http://www.wikidata.org/entity/Q159
8468806_0_4382447409703007384,2,129,http://www.wikidata.org/entity/Q33
8468806_0_4382447409703007384,2,130,http://www.wikidata.org/entity/Q16
8468806_0_4382447409703007384,2,131,http://www.wikidata.org/entity/Q232
8468806_0_4382447409703007384,2,132,http://www.wikidata.org/entity/Q811
8468806_0_4382447409703007384,2,133,http://www.wikidata.org/entity/Q148
8468806_0_4382447409703007384,2,134,http://www.wikidata.org/entity/Q16
8468806_0_4382447409703007384,2,135,http://www.wikidata.org/entity/Q16
8468806_0_4382447409703007384,2,136,http://www.wikidata.org/entity/Q298
8468806_0_4382447409703007384,2,137,http://www.wikidata.org/entity/Q414
8468806_0_4382447409703007384,2,138,http://www.wikidata.org/entity/Q16
8468806_0_4382447409703007384,3,0,http://www.wikidata.org/entity/Q11500
8468806_0_4382447409703007384,3,1,NIL
8468806_0_4382447409703007384,3,2,NIL
8468806_0_4382447409703007384,3,3,NIL
8468806_0_4382447409703007384,3,4,NIL
8468806_0_4382447409703007384,3,5,NIL
8468806_0_4382447409703007384,3,6,NIL
8468806_0_4382447409703007384,3,7,NIL
8468806_0_4382447409703007384,3,8,NIL
8468806_0_4382447409703007384,3,9,NIL
8468806_0_4382447409703007384,3,10,NIL
8468806_0_4382447409703007384,3,11,NIL
8468806_0_4382447409703007384,3,12,NIL
8468806_0_4382447409703007384,3,13,NIL
8468806_0_4382447409703007384,3,14,NIL
8468806_0_4382447409703007384,3,15,NIL
8468806_0_4382447409703007384,3,16,NIL
8468806_0_4382447409703007384,3,17,NIL
8468806_0_4382447409703007384,3,18,NIL
8468806_0_4382447409703007384,3,19,NIL
8468806_0_4382447409703007384,3,20,NIL
8468806_0_4382447409703007384,3,21,NIL
8468806_0_4382447409703007384,3,22,NIL
8468806_0_4382447409703007384,3,23,NIL
8468806_0_4382447409703007384,3,24,NIL
8468806_0_4382447409703007384,3,25,NIL
8468806_0_4382447409703007384,3,26,NIL
8468806_0_4382447409703007384,3,27,NIL
8468806_0_4382447409703007384,3,28,NIL
8468806_0_4382447409703007384,3,29,NIL
8468806_0_4382447409703007384,3,30,NIL
8468806_0_4382447409703007384,3,31,NIL
8468806_0_4382447409703007384,3,32,NIL
8468806_0_4382447409703007384,3,33,NIL
8468806_0_4382447409703007384,3,34,http://www.wikidata.org/entity/Q19275235
8468806_0_4382447409703007384,3,35,http://www.wikidata.org/entity/Q19261482
8468806_0_4382447409703007384,3,36,http://www.wikidata.org/entity/Q19261482
8468806_0_4382447409703007384,3,37,http://www.wikidata.org/entity/Q11188330
8468806_0_4382447409703007384,3,38,http://www.wikidata.org/entity/Q19261102
8468806_0_4382447409703007384,3,39,http://www.wikidata.org/entity/Q19248980
8468806_0_4382447409703007384,3,40,http://www.wikidata.org/entity/Q19248980
8468806_0_4382447409703007384,3,41,http://www.wikidata.org/entity/Q19248853
8468806_0_4382447409703007384,3,42,http://www.wikidata.org/entity/Q19248588
8468806_0_4382447409703007384,3,43,http://www.wikidata.org/entity/Q19248237
8468806_0_4382447409703007384,3,44,http://www.wikidata.org/entity/Q19247759
8468806_0_4382447409703007384,3,45,http://www.wikidata.org/entity/Q19247511
8468806_0_4382447409703007384,3,46,http://www.wikidata.org/entity/Q19247280
8468806_0_4382447409703007384,3,47,http://www.wikidata.org/entity/Q19247117
8468806_0_4382447409703007384,3,48,http://www.wikidata.org/entity/Q19247119
8468806_0_4382447409703007384,3,49,http://www.wikidata.org/entity/Q19246836
8468806_0_4382447409703007384,3,50,http://www.wikidata.org/entity/Q13631445
8468806_0_4382447409703007384,3,51,http://www.wikidata.org/entity/Q19246723
8468806_0_4382447409703007384,3,52,http://www.wikidata.org/entity/Q19246405
8468806_0_4382447409703007384,3,53,http://www.wikidata.org/entity/Q19246171
8468806_0_4382447409703007384,3,54,http://www.wikidata.org/entity/Q19245909
8468806_0_4382447409703007384,3,55,http://www.wikidata.org/entity/Q11187810
8468806_0_4382447409703007384,3,56,http://www.wikidata.org/entity/Q19245627
8468806_0_4382447409703007384,3,57,http://www.wikidata.org/entity/Q19245607
8468806_0_4382447409703007384,3,58,http://www.wikidata.org/entity/Q19245610
8468806_0_4382447409703007384,3,59,http://www.wikidata.org/entity/Q19244686
8468806_0_4382447409703007384,3,60,http://www.wikidata.org/entity/Q19244536
8468806_0_4382447409703007384,3,61,http://www.wikidata.org/entity/Q19244348
8468806_0_4382447409703007384,3,62,http://www.wikidata.org/entity/Q19244233
8468806_0_4382447409703007384,3,63,http://www.wikidata.org/entity/Q19243905
8468806_0_4382447409703007384,3,64,http://www.wikidata.org/entity/Q19243400
8468806_0_4382447409703007384,3,65,http://www.wikidata.org/entity/Q917994
8468806_0_4382447409703007384,3,66,http://www.wikidata.org/entity/Q19242678
8468806_0_4382447409703007384,3,67,http://www.wikidata.org/entity/Q19242679
8468806_0_4382447409703007384,3,68,http://www.wikidata.org/entity/Q19242678
8468806_0_4382447409703007384,3,69,http://www.wikidata.org/entity/Q19242629
8468806_0_4382447409703007384,3,70,http://www.wikidata.org/entity/Q19242626
8468806_0_4382447409703007384,3,71,http://www.wikidata.org/entity/Q11187340
8468806_0_4382447409703007384,3,72,http://www.wikidata.org/entity/Q19242493
8468806_0_4382447409703007384,3,73,http://www.wikidata.org/entity/Q19242147
8468806_0_4382447409703007384,3,74,http://www.wikidata.org/entity/Q19242149
8468806_0_4382447409703007384,3,75,http://www.wikidata.org/entity/Q19242086
8468806_0_4382447409703007384,3,76,http://www.wikidata.org/entity/Q19242075
8468806_0_4382447409703007384,3,77,http://www.wikidata.org/entity/Q19242014
8468806_0_4382447409703007384,3,78,http://www.wikidata.org/entity/Q19242010
8468806_0_4382447409703007384,3,79,http://www.wikidata.org/entity/Q19241975
8468806_0_4382447409703007384,3,80,http://www.wikidata.org/entity/Q19241944
8468806_0_4382447409703007384,3,81,http://www.wikidata.org/entity/Q19241898
8468806_0_4382447409703007384,3,82,http://www.wikidata.org/entity/Q12681698
8468806_0_4382447409703007384,3,83,http://www.wikidata.org/entity/Q12681671
8468806_0_4382447409703007384,3,84,http://www.wikidata.org/entity/Q13634591
8468806_0_4382447409703007384,3,85,http://www.wikidata.org/entity/Q12681650
8468806_0_4382447409703007384,3,86,http://www.wikidata.org/entity/Q19241482
8468806_0_4382447409703007384,3,87,http://www.wikidata.org/entity/Q12681634
8468806_0_4382447409703007384,3,88,http://www.wikidata.org/entity/Q3226111
8468806_0_4382447409703007384,3,89,http://www.wikidata.org/entity/Q3226111
8468806_0_4382447409703007384,3,90,http://www.wikidata.org/entity/Q3225762
8468806_0_4382447409703007384,3,91,http://www.wikidata.org/entity/Q11185411
8468806_0_4382447409703007384,3,92,http://www.wikidata.org/entity/Q12681548
8468806_0_4382447409703007384,3,93,http://www.wikidata.org/entity/Q13634733
8468806_0_4382447409703007384,3,94,http://www.wikidata.org/entity/Q12681527
8468806_0_4382447409703007384,3,95,http://www.wikidata.org/entity/Q13634725
8468806_0_4382447409703007384,3,96,http://www.wikidata.org/entity/Q12681451
8468806_0_4382447409703007384,3,97,http://www.wikidata.org/entity/Q13634802
8468806_0_4382447409703007384,3,98,http://www.wikidata.org/entity/Q13634780
8468806_0_4382447409703007384,3,99,http://www.wikidata.org/entity/Q13634777
8468806_0_4382447409703007384,3,100,http://www.wikidata.org/entity/Q13634773
8468806_0_4382447409703007384,3,101,http://www.wikidata.org/entity/Q13634769
8468806_0_4382447409703007384,3,102,http://www.wikidata.org/entity/Q13634762
8468806_0_4382447409703007384,3,103,http://www.wikidata.org/entity/Q13634761
8468806_0_4382447409703007384,3,104,http://www.wikidata.org/entity/Q13634759
8468806_0_4382447409703007384,3,105,http://www.wikidata.org/entity/Q13634747
8468806_0_4382447409703007384,3,106,http://www.wikidata.org/entity/Q12681306
8468806_0_4382447409703007384,3,107,http://www.wikidata.org/entity/Q12681287
8468806_0_4382447409703007384,3,108,http://www.wikidata.org/entity/Q12681285
8468806_0_4382447409703007384,3,109,http://www.wikidata.org/entity/Q3844296
8468806_0_4382447409703007384,3,110,http://www.wikidata.org/entity/Q13634613
8468806_0_4382447409703007384,3,111,http://www.wikidata.org/entity/Q13634611
8468806_0_4382447409703007384,3,112,http://www.wikidata.org/entity/Q13634610
8468806_0_4382447409703007384,3,113,http://www.wikidata.org/entity/Q12681242
8468806_0_4382447409703007384,3,114,http://www.wikidata.org/entity/Q13634606
8468806_0_4382447409703007384,3,115,http://www.wikidata.org/entity/Q13634602
8468806_0_4382447409703007384,3,116,http://www.wikidata.org/entity/Q12681234
8468806_0_4382447409703007384,3,117,http://www.wikidata.org/entity/Q12681218
8468806_0_4382447409703007384,3,118,http://www.wikidata.org/entity/Q12681221
8468806_0_4382447409703007384,3,119,http://www.wikidata.org/entity/Q12681222
8468806_0_4382447409703007384,3,120,http://www.wikidata.org/entity/Q12681207
8468806_0_4382447409703007384,3,121,http://www.wikidata.org/entity/Q12681207
8468806_0_4382447409703007384,3,122,http://www.wikidata.org/entity/Q5390664
8468806_0_4382447409703007384,3,123,http://www.wikidata.org/entity/Q3843705
8468806_0_4382447409703007384,3,124,http://www.wikidata.org/entity/Q5156954
8468806_0_4382447409703007384,3,125,http://www.wikidata.org/entity/Q4901351
8468806_0_4382447409703007384,3,126,http://www.wikidata.org/entity/Q5156892
8468806_0_4382447409703007384,3,127,http://www.wikidata.org/entity/Q4901505
8468806_0_4382447409703007384,3,128,http://www.wikidata.org/entity/Q4675705
8468806_0_4382447409703007384,3,129,http://www.wikidata.org/entity/Q5361486
8468806_0_4382447409703007384,3,130,http://www.wikidata.org/entity/Q4707890
8468806_0_4382447409703007384,3,131,http://www.wikidata.org/entity/Q4707890
8468806_0_4382447409703007384,3,132,http://www.wikidata.org/entity/Q6370925
8468806_0_4382447409703007384,3,133,http://www.wikidata.org/entity/Q849003
8468806_0_4382447409703007384,3,134,http://www.wikidata.org/entity/Q6370916
8468806_0_4382447409703007384,3,135,http://www.wikidata.org/entity/Q6370916
8468806_0_4382447409703007384,3,136,http://www.wikidata.org/entity/Q3843555
8468806_0_4382447409703007384,3,137,http://www.wikidata.org/entity/Q3843555
8468806_0_4382447409703007384,3,138,http://www.wikidata.org/entity/Q2463905
8468806_0_4382447409703007384,4,0,http://www.wikidata.org/entity/Q36253
8468806_0_4382447409703007384,4,1,http://www.wikidata.org/entity/Q13634659
8468806_0_4382447409703007384,4,2,http://www.wikidata.org/entity/Q13634659
8468806_0_4382447409703007384,4,3,http://www.wikidata.org/entity/Q13634659
8468806_0_4382447409703007384,4,4,http://www.wikidata.org/entity/Q13634659
8468806_0_4382447409703007384,4,5,http://www.wikidata.org/entity/Q13634659
8468806_0_4382447409703007384,4,6,http://www.wikidata.org/entity/Q1069927
8468806_0_4382447409703007384,4,7,http://www.wikidata.org/entity/Q1069927
8468806_0_4382447409703007384,4,8,http://www.wikidata.org/entity/Q918536
8468806_0_4382447409703007384,4,9,http://www.wikidata.org/entity/Q918536
8468806_0_4382447409703007384,4,10,http://www.wikidata.org/entity/Q918536
8468806_0_4382447409703007384,4,11,http://www.wikidata.org/entity/Q1069702
8468806_0_4382447409703007384,4,12,http://www.wikidata.org/entity/Q1069702
8468806_0_4382447409703007384,4,13,http://www.wikidata.org/entity/Q857750
8468806_0_4382447409703007384,4,14,http://www.wikidata.org/entity/Q1491792
8468806_0_4382447409703007384,4,15,http://www.wikidata.org/entity/Q1491792
8468806_0_4382447409703007384,4,16,http://www.wikidata.org/entity/Q1491792
8468806_0_4382447409703007384,4,17,http://www.wikidata.org/entity/Q1491792
8468806_0_4382447409703007384,4,18,http://www.wikidata.org/entity/Q580095
8468806_0_4382447409703007384,4,19,http://www.wikidata.org/entity/Q1187911
8468806_0_4382447409703007384,4,20,http://www.wikidata.org/entity/Q828802
8468806_0_4382447409703007384,4,21,http://www.wikidata.org/entity/Q828802
8468806_0_4382447409703007384,4,22,http://www.wikidata.org/entity/Q828802
8468806_0_4382447409703007384,4,23,http://www.wikidata.org/entity/Q304858
8468806_0_4382447409703007384,4,24,http://www.wikidata.org/entity/Q1095980
8468806_0_4382447409703007384,4,25,http://www.wikidata.org/entity/Q1095980
8468806_0_4382447409703007384,4,26,http://www.wikidata.org/entity/Q1048717
8468806_0_4382447409703007384,4,27,http://www.wikidata.org/entity/Q918300
8468806_0_4382447409703007384,4,28,http://www.wikidata.org/entity/Q918300
8468806_0_4382447409703007384,4,29,http://www.wikidata.org/entity/Q1416586
8468806_0_4382447409703007384,4,30,http://www.wikidata.org/entity/Q304183
8468806_0_4382447409703007384,4,31,http://www.wikidata.org/entity/Q1069724
8468806_0_4382447409703007384,4,32,http://www.wikidata.org/entity/Q1069724
8468806_0_4382447409703007384,4,33,http://www.wikidata.org/entity/Q756130
8468806_0_4382447409703007384,4,34,http://www.wikidata.org/entity/Q374901
8468806_0_4382447409703007384,4,35,http://www.wikidata.org/entity/Q735506
8468806_0_4382447409703007384,4,36,http://www.wikidata.org/entity/Q735506
8468806_0_4382447409703007384,4,37,http://www.wikidata.org/entity/Q735506
8468806_0_4382447409703007384,4,38,http://www.wikidata.org/entity/Q1091803
8468806_0_4382447409703007384,4,39,http://www.wikidata.org/entity/Q374901
8468806_0_4382447409703007384,4,40,http://www.wikidata.org/entity/Q374901
8468806_0_4382447409703007384,4,41,http://www.wikidata.org/entity/Q631932
8468806_0_4382447409703007384,4,42,http://www.wikidata.org/entity/Q540976
8468806_0_4382447409703007384,4,43,http://www.wikidata.org/entity/Q721070
8468806_0_4382447409703007384,4,44,NIL
8468806_0_4382447409703007384,4,45,http://www.wikidata.org/entity/Q719692
8468806_0_4382447409703007384,4,46,http://www.wikidata.org/entity/Q631932
8468806_0_4382447409703007384,4,47,http://www.wikidata.org/entity/Q721084
8468806_0_4382447409703007384,4,48,http://www.wikidata.org/entity/Q290532
8468806_0_4382447409703007384,4,49,NIL
8468806_0_4382447409703007384,4,50,NIL
8468806_0_4382447409703007384,4,51,http://www.wikidata.org/entity/Q716616
8468806_0_4382447409703007384,4,52,NIL
8468806_0_4382447409703007384,4,53,http://www.wikidata.org/entity/Q713744
8468806_0_4382447409703007384,4,54,http://www.wikidata.org/entity/Q756130
8468806_0_4382447409703007384,4,55,http://www.wikidata.org/entity/Q712467
8468806_0_4382447409703007384,4,56,http://www.wikidata.org/entity/Q712876
8468806_0_4382447409703007384,4,57,http://www.wikidata.org/entity/Q717056
8468806_0_4382447409703007384,4,58,http://www.wikidata.org/entity/Q715944
8468806_0_4382447409703007384,4,59,NIL
8468806_0_4382447409703007384,4,60,http://www.wikidata.org/entity/Q717056
8468806_0_4382447409703007384,4,61,http://www.wikidata.org/entity/Q279264
8468806_0_4382447409703007384,4,62,http://www.wikidata.org/entity/Q719695
8468806_0_4382447409703007384,4,63,http://www.wikidata.org/entity/Q713744
8468806_0_4382447409703007384,4,64,http://www.wikidata.org/entity/Q712467
8468806_0_4382447409703007384,4,65,http://www.wikidata.org/entity/Q756130
8468806_0_4382447409703007384,4,66,NIL
8468806_0_4382447409703007384,4,67,NIL
8468806_0_4382447409703007384,4,68,NIL
8468806_0_4382447409703007384,4,69,http://www.wikidata.org/entity/Q717056
8468806_0_4382447409703007384,4,70,http://www.wikidata.org/entity/Q721065
8468806_0_4382447409703007384,4,71,NIL
8468806_0_4382447409703007384,4,72,NIL
8468806_0_4382447409703007384,4,73,http://www.wikidata.org/entity/Q645260
8468806_0_4382447409703007384,4,74,http://www.wikidata.org/entity/Q712966
8468806_0_4382447409703007384,4,75,NIL
8468806_0_4382447409703007384,4,76,NIL
8468806_0_4382447409703007384,4,77,NIL
8468806_0_4382447409703007384,4,78,NIL
8468806_0_4382447409703007384,4,79,NIL
8468806_0_4382447409703007384,4,80,http://www.wikidata.org/entity/Q712514
8468806_0_4382447409703007384,4,81,http://www.wikidata.org/entity/Q644336
8468806_0_4382447409703007384,4,82,NIL
8468806_0_4382447409703007384,4,83,NIL
8468806_0_4382447409703007384,4,84,http://www.wikidata.org/entity/Q522994
8468806_0_4382447409703007384,4,85,NIL
8468806_0_4382447409703007384,4,86,NIL
8468806_0_4382447409703007384,4,87,NIL
8468806_0_4382447409703007384,4,88,NIL
8468806_0_4382447409703007384,4,89,NIL
8468806_0_4382447409703007384,4,90,NIL
8468806_0_4382447409703007384,4,91,NIL
8468806_0_4382447409703007384,4,92,http://www.wikidata.org/entity/Q243817
8468806_0_4382447409703007384,4,93,http://www.wikidata.org/entity/Q435660
8468806_0_4382447409703007384,4,94,http://www.wikidata.org/entity/Q712467
8468806_0_4382447409703007384,4,95,NIL
8468806_0_4382447409703007384,4,96,NIL
8468806_0_4382447409703007384,4,97,NIL
8468806_0_4382447409703007384,4,98,http://www.wikidata.org/entity/Q593011
8468806_0_4382447409703007384,4,99,NIL
8468806_0_4382447409703007384,4,100,http://www.wikidata.org/entity/Q845445
8468806_0_4382447409703007384,4,101,NIL
8468806_0_4382447409703007384,4,102,NIL
8468806_0_4382447409703007384,4,103,NIL
8468806_0_4382447409703007384,4,104,NIL
8468806_0_4382447409703007384,4,105,NIL
8468806_0_4382447409703007384,4,106,http://www.wikidata.org/entity/Q37413
8468806_0_4382447409703007384,4,107,NIL
8468806_0_4382447409703007384,4,108,http://www.wikidata.org/entity/Q239346
8468806_0_4382447409703007384,4,109,NIL
8468806_0_4382447409703007384,4,110,NIL
8468806_0_4382447409703007384,4,111,http://www.wikidata.org/entity/Q673849
8468806_0_4382447409703007384,4,112,NIL
8468806_0_4382447409703007384,4,113,NIL
8468806_0_4382447409703007384,4,114,http://www.wikidata.org/entity/Q243817
8468806_0_4382447409703007384,4,115,NIL
8468806_0_4382447409703007384,4,116,http://www.wikidata.org/entity/Q716621
8468806_0_4382447409703007384,4,117,http://www.wikidata.org/entity/Q649355
8468806_0_4382447409703007384,4,118,http://www.wikidata.org/entity/Q735416
8468806_0_4382447409703007384,4,119,NIL
8468806_0_4382447409703007384,4,120,http://www.wikidata.org/entity/Q812996
8468806_0_4382447409703007384,4,121,http://www.wikidata.org/entity/Q812996
8468806_0_4382447409703007384,4,122,NIL
8468806_0_4382447409703007384,4,123,NIL
8468806_0_4382447409703007384,4,124,NIL
8468806_0_4382447409703007384,4,125,NIL
8468806_0_4382447409703007384,4,126,NIL
8468806_0_4382447409703007384,4,127,http://www.wikidata.org/entity/Q712467
8468806_0_4382447409703007384,4,128,NIL
8468806_0_4382447409703007384,4,129,http://www.wikidata.org/entity/Q712467
8468806_0_4382447409703007384,4,130,NIL
8468806_0_4382447409703007384,4,131,NIL
8468806_0_4382447409703007384,4,132,http://www.wikidata.org/entity/Q645260
8468806_0_4382447409703007384,4,133,NIL
8468806_0_4382447409703007384,4,134,NIL
8468806_0_4382447409703007384,4,135,NIL
8468806_0_4382447409703007384,4,136,NIL
8468806_0_4382447409703007384,4,137,NIL
8468806_0_4382447409703007384,4,138,NIL
8468806_0_4382447409703007384,5,0,http://www.wikidata.org/entity/Q930412
8468806_0_4382447409703007384,5,1,http://www.wikidata.org/entity/Q4901515
8468806_0_4382447409703007384,5,2,http://www.wikidata.org/entity/Q4901515
8468806_0_4382447409703007384,5,3,http://www.wikidata.org/entity/Q4901515
8468806_0_4382447409703007384,5,4,http://www.wikidata.org/entity/Q4901515
8468806_0_4382447409703007384,5,5,http://www.wikidata.org/entity/Q4901515
8468806_0_4382447409703007384,5,6,http://www.wikidata.org/entity/Q1048708
8468806_0_4382447409703007384,5,7,http://www.wikidata.org/entity/Q1048708
8468806_0_4382447409703007384,5,8,http://www.wikidata.org/entity/Q279264
8468806_0_4382447409703007384,5,9,http://www.wikidata.org/entity/Q279264
8468806_0_4382447409703007384,5,10,http://www.wikidata.org/entity/Q279264
8468806_0_4382447409703007384,5,11,http://www.wikidata.org/entity/Q845453
8468806_0_4382447409703007384,5,12,http://www.wikidata.org/entity/Q845453
8468806_0_4382447409703007384,5,13,http://www.wikidata.org/entity/Q670064
8468806_0_4382447409703007384,5,14,http://www.wikidata.org/entity/Q12681434
8468806_0_4382447409703007384,5,15,http://www.wikidata.org/entity/Q12681434
8468806_0_4382447409703007384,5,16,http://www.wikidata.org/entity/Q12681434
8468806_0_4382447409703007384,5,17,http://www.wikidata.org/entity/Q12681434
8468806_0_4382447409703007384,5,18,NIL
8468806_0_4382447409703007384,5,19,http://www.wikidata.org/entity/Q783936
8468806_0_4382447409703007384,5,20,http://www.wikidata.org/entity/Q828678
8468806_0_4382447409703007384,5,21,http://www.wikidata.org/entity/Q828678
8468806_0_4382447409703007384,5,22,http://www.wikidata.org/entity/Q828678
8468806_0_4382447409703007384,5,23,http://www.wikidata.org/entity/Q828499
8468806_0_4382447409703007384,5,24,http://www.wikidata.org/entity/Q435660
8468806_0_4382447409703007384,5,25,http://www.wikidata.org/entity/Q435660
8468806_0_4382447409703007384,5,26,http://www.wikidata.org/entity/Q38712
8468806_0_4382447409703007384,5,27,http://www.wikidata.org/entity/Q912578
8468806_0_4382447409703007384,5,28,http://www.wikidata.org/entity/Q912578
8468806_0_4382447409703007384,5,29,http://www.wikidata.org/entity/Q83264
8468806_0_4382447409703007384,5,30,http://www.wikidata.org/entity/Q528607
8468806_0_4382447409703007384,5,31,NIL
8468806_0_4382447409703007384,5,32,NIL
8468806_0_4382447409703007384,5,33,http://www.wikidata.org/entity/Q43016
8468806_0_4382447409703007384,5,34,http://www.wikidata.org/entity/Q717056
8468806_0_4382447409703007384,5,35,http://www.wikidata.org/entity/Q1050682
8468806_0_4382447409703007384,5,36,http://www.wikidata.org/entity/Q1050682
8468806_0_4382447409703007384,5,37,http://www.wikidata.org/entity/Q83264
8468806_0_4382447409703007384,5,38,http://www.wikidata.org/entity/Q769215
8468806_0_4382447409703007384,5,39,http://www.wikidata.org/entity/Q604950
8468806_0_4382447409703007384,5,40,http://www.wikidata.org/entity/Q604950
8468806_0_4382447409703007384,5,41,http://www.wikidata.org/entity/Q1092139
8468806_0_4382447409703007384,5,42,http://www.wikidata.org/entity/Q3246276
8468806_0_4382447409703007384,5,43,http://www.wikidata.org/entity/Q40254
8468806_0_4382447409703007384,5,44,NIL
8468806_0_4382447409703007384,5,45,http://www.wikidata.org/entity/Q18824
8468806_0_4382447409703007384,5,46,NIL
8468806_0_4382447409703007384,5,47,http://www.wikidata.org/entity/Q241673
8468806_0_4382447409703007384,5,48,http://www.wikidata.org/entity/Q593011
8468806_0_4382447409703007384,5,49,http://www.wikidata.org/entity/Q433353
8468806_0_4382447409703007384,5,50,http://www.wikidata.org/entity/Q587465
8468806_0_4382447409703007384,5,51,NIL
8468806_0_4382447409703007384,5,52,http://www.wikidata.org/entity/Q721041
8468806_0_4382447409703007384,5,53,NIL
8468806_0_4382447409703007384,5,54,http://www.wikidata.org/entity/Q83264
8468806_0_4382447409703007384,5,55,NIL
8468806_0_4382447409703007384,5,56,NIL
8468806_0_4382447409703007384,5,57,NIL
8468806_0_4382447409703007384,5,58,NIL
8468806_0_4382447409703007384,5,59,NIL
8468806_0_4382447409703007384,5,60,http://www.wikidata.org/entity/Q1092944
8468806_0_4382447409703007384,5,61,http://www.wikidata.org/entity/Q38582
8468806_0_4382447409703007384,5,62,http://www.wikidata.org/entity/Q38582
8468806_0_4382447409703007384,5,63,NIL
8468806_0_4382447409703007384,5,64,NIL
8468806_0_4382447409703007384,5,65,NIL
8468806_0_4382447409703007384,5,66,http://www.wikidata.org/entity/Q1048749
8468806_0_4382447409703007384,5,67,http://www.wikidata.org/entity/Q1048677
8468806_0_4382447409703007384,5,68,http://www.wikidata.org/entity/Q290669
8468806_0_4382447409703007384,5,69,http://www.wikidata.org/entity/Q644336
8468806_0_4382447409703007384,5,70,http://www.wikidata.org/entity/Q617916
8468806_0_4382447409703007384,5,71,NIL
8468806_0_4382447409703007384,5,72,NIL
8468806_0_4382447409703007384,5,73,http://www.wikidata.org/entity/Q716846
8468806_0_4382447409703007384,5,74,http://www.wikidata.org/entity/Q715432
8468806_0_4382447409703007384,5,75,http://www.wikidata.org/entity/Q586651
8468806_0_4382447409703007384,5,76,NIL
8468806_0_4382447409703007384,5,77,NIL
8468806_0_4382447409703007384,5,78,NIL
8468806_0_4382447409703007384,5,79,NIL
8468806_0_4382447409703007384,5,80,http://www.wikidata.org/entity/Q712661
8468806_0_4382447409703007384,5,81,NIL
8468806_0_4382447409703007384,5,82,NIL
8468806_0_4382447409703007384,5,83,http://www.wikidata.org/entity/Q653004
8468806_0_4382447409703007384,5,84,http://www.wikidata.org/entity/Q202
8468806_0_4382447409703007384,5,85,http://www.wikidata.org/entity/Q857704
8468806_0_4382447409703007384,5,86,http://www.wikidata.org/entity/Q829482
8468806_0_4382447409703007384,5,87,NIL
8468806_0_4382447409703007384,5,88,NIL
8468806_0_4382447409703007384,5,89,http://www.wikidata.org/entity/Q427730
8468806_0_4382447409703007384,5,90,NIL
8468806_0_4382447409703007384,5,91,http://www.wikidata.org/entity/Q36977
8468806_0_4382447409703007384,5,92,http://www.wikidata.org/entity/Q712661
8468806_0_4382447409703007384,5,93,NIL
8468806_0_4382447409703007384,5,94,http://www.wikidata.org/entity/Q200
8468806_0_4382447409703007384,5,95,NIL
8468806_0_4382447409703007384,5,96,http://www.wikidata.org/entity/Q207742
8468806_0_4382447409703007384,5,97,NIL
8468806_0_4382447409703007384,5,98,NIL
8468806_0_4382447409703007384,5,99,NIL
8468806_0_4382447409703007384,5,100,http://www.wikidata.org/entity/Q712687
8468806_0_4382447409703007384,5,101,NIL
8468806_0_4382447409703007384,5,102,NIL
8468806_0_4382447409703007384,5,103,NIL
8468806_0_4382447409703007384,5,104,NIL
8468806_0_4382447409703007384,5,105,NIL
8468806_0_4382447409703007384,5,106,http://www.wikidata.org/entity/Q851148
8468806_0_4382447409703007384,5,107,NIL
8468806_0_4382447409703007384,5,108,NIL
8468806_0_4382447409703007384,5,109,NIL
8468806_0_4382447409703007384,5,110,NIL
8468806_0_4382447409703007384,5,111,NIL
8468806_0_4382447409703007384,5,112,NIL
8468806_0_4382447409703007384,5,113,NIL
8468806_0_4382447409703007384,5,114,http://www.wikidata.org/entity/Q37141
8468806_0_4382447409703007384,5,115,NIL
8468806_0_4382447409703007384,5,116,http://www.wikidata.org/entity/Q712966
8468806_0_4382447409703007384,5,117,http://www.wikidata.org/entity/Q715944
8468806_0_4382447409703007384,5,118,http://www.wikidata.org/entity/Q718407
8468806_0_4382447409703007384,5,119,NIL
8468806_0_4382447409703007384,5,120,NIL
8468806_0_4382447409703007384,5,121,NIL
8468806_0_4382447409703007384,5,122,NIL
8468806_0_4382447409703007384,5,123,NIL
8468806_0_4382447409703007384,5,124,NIL
8468806_0_4382447409703007384,5,125,http://www.wikidata.org/entity/Q595170
8468806_0_4382447409703007384,5,126,NIL
8468806_0_4382447409703007384,5,127,http://www.wikidata.org/entity/Q36977
8468806_0_4382447409703007384,5,128,NIL
8468806_0_4382447409703007384,5,129,http://www.wikidata.org/entity/Q277312
8468806_0_4382447409703007384,5,130,NIL
8468806_0_4382447409703007384,5,131,NIL
8468806_0_4382447409703007384,5,132,NIL
8468806_0_4382447409703007384,5,133,NIL
8468806_0_4382447409703007384,5,134,NIL
8468806_0_4382447409703007384,5,135,NIL
8468806_0_4382447409703007384,5,136,NIL
8468806_0_4382447409703007384,5,137,NIL
8468806_0_4382447409703007384,5,138,http://www.wikidata.org/entity/Q712986
8468806_0_4382447409703007384,6,0,http://www.wikidata.org/entity/Q39297
8468806_0_4382447409703007384,6,1,NIL
8468806_0_4382447409703007384,6,2,NIL
8468806_0_4382447409703007384,6,3,NIL
8468806_0_4382447409703007384,6,4,NIL
8468806_0_4382447409703007384,6,5,NIL
8468806_0_4382447409703007384,6,6,NIL
8468806_0_4382447409703007384,6,7,NIL
8468806_0_4382447409703007384,6,8,http://www.wikidata.org/entity/Q19242830
8468806_0_4382447409703007384,6,9,http://www.wikidata.org/entity/Q19242830
8468806_0_4382447409703007384,6,10,http://www.wikidata.org/entity/Q19242830
8468806_0_4382447409703007384,6,11,http://www.wikidata.org/entity/Q19244209
8468806_0_4382447409703007384,6,12,http://www.wikidata.org/entity/Q19244209
8468806_0_4382447409703007384,6,13,http://www.wikidata.org/entity/Q19246514
8468806_0_4382447409703007384,6,14,NIL
8468806_0_4382447409703007384,6,15,NIL
8468806_0_4382447409703007384,6,16,NIL
8468806_0_4382447409703007384,6,17,NIL
8468806_0_4382447409703007384,6,18,NIL
8468806_0_4382447409703007384,6,19,http://www.wikidata.org/entity/Q19241988
8468806_0_4382447409703007384,6,20,http://www.wikidata.org/entity/Q19262240
8468806_0_4382447409703007384,6,21,http://www.wikidata.org/entity/Q19262240
8468806_0_4382447409703007384,6,22,http://www.wikidata.org/entity/Q19262240
8468806_0_4382447409703007384,6,23,http://www.wikidata.org/entity/Q19241753
8468806_0_4382447409703007384,6,24,http://www.wikidata.org/entity/Q1048756
8468806_0_4382447409703007384,6,25,http://www.wikidata.org/entity/Q1048756
8468806_0_4382447409703007384,6,26,http://www.wikidata.org/entity/Q1070313
8468806_0_4382447409703007384,6,27,http://www.wikidata.org/entity/Q12681546
8468806_0_4382447409703007384,6,28,http://www.wikidata.org/entity/Q12681546
8468806_0_4382447409703007384,6,29,http://www.wikidata.org/entity/Q18824
8468806_0_4382447409703007384,6,30,http://www.wikidata.org/entity/Q4675471
8468806_0_4382447409703007384,6,31,NIL
8468806_0_4382447409703007384,6,32,NIL
8468806_0_4382447409703007384,6,33,http://www.wikidata.org/entity/Q19247276
8468806_0_4382447409703007384,6,34,http://www.wikidata.org/entity/Q1384112
8468806_0_4382447409703007384,6,35,http://www.wikidata.org/entity/Q765460
8468806_0_4382447409703007384,6,36,http://www.wikidata.org/entity/Q765460
8468806_0_4382447409703007384,6,37,NIL
8468806_0_4382447409703007384,6,38,http://www.wikidata.org/entity/Q756026
8468806_0_4382447409703007384,6,39,http://www.wikidata.org/entity/Q756026
8468806_0_4382447409703007384,6,40,http://www.wikidata.org/entity/Q756026
8468806_0_4382447409703007384,6,41,NIL
8468806_0_4382447409703007384,6,42,http://www.wikidata.org/entity/Q13634634
8468806_0_4382447409703007384,6,43,NIL
8468806_0_4382447409703007384,6,44,NIL
8468806_0_4382447409703007384,6,45,http://www.wikidata.org/entity/Q472686
8468806_0_4382447409703007384,6,46,NIL
8468806_0_4382447409703007384,6,47,http://www.wikidata.org/entity/Q1384112
8468806_0_4382447409703007384,6,48,http://www.wikidata.org/entity/Q1050682
8468806_0_4382447409703007384,6,49,NIL
8468806_0_4382447409703007384,6,50,NIL
8468806_0_4382447409703007384,6,51,NIL
8468806_0_4382447409703007384,6,52,NIL
8468806_0_4382447409703007384,6,53,NIL
8468806_0_4382447409703007384,6,54,NIL
8468806_0_4382447409703007384,6,55,NIL
8468806_0_4382447409703007384,6,56,NIL
8468806_0_4382447409703007384,6,57,NIL
8468806_0_4382447409703007384,6,58,NIL
8468806_0_4382447409703007384,6,59,NIL
8468806_0_4382447409703007384,6,60,NIL
8468806_0_4382447409703007384,6,61,NIL
8468806_0_4382447409703007384,6,62,NIL
8468806_0_4382447409703007384,6,63,NIL
8468806_0_4382447409703007384,6,64,NIL
8468806_0_4382447409703007384,6,65,NIL
8468806_0_4382447409703007384,6,66,NIL
8468806_0_4382447409703007384,6,67,NIL
8468806_0_4382447409703007384,6,68,NIL
8468806_0_4382447409703007384,6,69,NIL
8468806_0_4382447409703007384,6,70,NIL
8468806_0_4382447409703007384,6,71,NIL
8468806_0_4382447409703007384,6,72,NIL
8468806_0_4382447409703007384,6,73,NIL
8468806_0_4382447409703007384,6,74,NIL
8468806_0_4382447409703007384,6,75,http://www.wikidata.org/entity/Q601660
8468806_0_4382447409703007384,6,76,NIL
8468806_0_4382447409703007384,6,77,NIL
8468806_0_4382447409703007384,6,78,NIL
8468806_0_4382447409703007384,6,79,NIL
8468806_0_4382447409703007384,6,80,NIL
8468806_0_4382447409703007384,6,81,NIL
8468806_0_4382447409703007384,6,82,NIL
8468806_0_4382447409703007384,6,83,NIL
8468806_0_4382447409703007384,6,84,NIL
8468806_0_4382447409703007384,6,85,NIL
8468806_0_4382447409703007384,6,86,NIL
8468806_0_4382447409703007384,6,87,NIL
8468806_0_4382447409703007384,6,88,NIL
8468806_0_4382447409703007384,6,89,http://www.wikidata.org/entity/Q712794
8468806_0_4382447409703007384,6,90,NIL
8468806_0_4382447409703007384,6,91,NIL
8468806_0_4382447409703007384,6,92,NIL
8468806_0_4382447409703007384,6,93,NIL
8468806_0_4382447409703007384,6,94,NIL
8468806_0_4382447409703007384,6,95,NIL
8468806_0_4382447409703007384,6,96,NIL
8468806_0_4382447409703007384,6,97,NIL
8468806_0_4382447409703007384,6,98,NIL
8468806_0_4382447409703007384,6,99,NIL
8468806_0_4382447409703007384,6,100,NIL
8468806_0_4382447409703007384,6,101,NIL
8468806_0_4382447409703007384,6,102,NIL
8468806_0_4382447409703007384,6,103,NIL
8468806_0_4382447409703007384,6,104,NIL
8468806_0_4382447409703007384,6,105,NIL
8468806_0_4382447409703007384,6,106,http://www.wikidata.org/entity/Q845473
8468806_0_4382447409703007384,6,107,NIL
8468806_0_4382447409703007384,6,108,NIL
8468806_0_4382447409703007384,6,109,NIL
8468806_0_4382447409703007384,6,110,NIL
8468806_0_4382447409703007384,6,111,NIL
8468806_0_4382447409703007384,6,112,NIL
8468806_0_4382447409703007384,6,113,NIL
8468806_0_4382447409703007384,6,114,NIL
8468806_0_4382447409703007384,6,115,NIL
8468806_0_4382447409703007384,6,116,NIL
8468806_0_4382447409703007384,6,117,NIL
8468806_0_4382447409703007384,6,118,NIL
8468806_0_4382447409703007384,6,119,NIL
8468806_0_4382447409703007384,6,120,http://www.wikidata.org/entity/Q202
8468806_0_4382447409703007384,6,121,http://www.wikidata.org/entity/Q202
8468806_0_4382447409703007384,6,122,NIL
8468806_0_4382447409703007384,6,123,NIL
8468806_0_4382447409703007384,6,124,NIL
8468806_0_4382447409703007384,6,125,NIL
8468806_0_4382447409703007384,6,126,NIL
8468806_0_4382447409703007384,6,127,NIL
8468806_0_4382447409703007384,6,128,NIL
8468806_0_4382447409703007384,6,129,NIL
8468806_0_4382447409703007384,6,130,NIL
8468806_0_4382447409703007384,6,131,NIL
8468806_0_4382447409703007384,6,132,NIL
8468806_0_4382447409703007384,6,133,NIL
8468806_0_4382447409703007384,6,134,NIL
8468806_0_4382447409703007384,6,135,NIL
8468806_0_4382447409703007384,6,136,NIL
8468806_0_4382447409703007384,6,137,NIL
8468806_0_4382447409703007384,6,138,NIL
